step,train_loss,train_accuracy,valid_loss,valid_mean_token_accuracy
1,2.0874,0.42222,,
2,1.84441,0.55556,,
3,2.57538,0.34444,,
4,2.50209,0.31111,,
5,2.16442,0.46667,,
6,1.81245,0.54444,,
7,2.07745,0.41111,,
8,1.87857,0.38889,,
9,1.56105,0.55556,,
10,1.43914,0.52222,,
11,1.42756,0.52222,,
12,1.45856,0.47778,,
13,1.28702,0.6,,
14,1.17381,0.63333,,
15,1.18334,0.55556,,
16,1.0918,0.63333,,
17,1.13622,0.57778,,
18,1.03372,0.65556,,
19,1.13633,0.56667,,
20,1.20977,0.57778,,
21,0.98794,0.63333,,
22,1.35586,0.6,,
23,1.01679,0.61111,,
24,1.00625,0.65556,,
25,0.92598,0.65556,,
26,0.97174,0.63333,,
27,0.72036,0.74444,,
28,0.97957,0.66667,,
29,0.75714,0.72222,,
30,1.14114,0.6,,
31,0.98055,0.66667,,
32,1.02278,0.67778,,
33,0.85526,0.67778,,
34,0.77885,0.73333,,
35,0.89819,0.65556,,
36,0.73028,0.72222,,
37,0.77928,0.73333,,
38,1.01708,0.62222,,
39,0.89007,0.67778,,
40,0.91636,0.7,,
41,0.94654,0.67778,,
42,0.9235,0.65556,,
43,0.91875,0.65556,,
44,0.75729,0.73333,,
45,0.93118,0.63333,,
46,0.72871,0.74444,,
47,0.88868,0.71111,,
48,0.78434,0.72222,,
49,0.86766,0.67778,,
50,0.8704,0.72222,,
51,1.10799,0.64444,,
52,0.82206,0.74444,,
53,0.76708,0.74444,,
54,0.95889,0.65556,,
55,0.93493,0.65556,,
56,0.94696,0.68889,,
57,1.00025,0.64444,,
58,0.85831,0.68889,,
59,1.01102,0.61111,,
60,0.95609,0.65556,,
61,0.86043,0.73333,,
62,0.79526,0.75556,,
63,0.78841,0.72222,,
64,1.03042,0.62222,,
65,0.82723,0.71111,,
66,0.70501,0.75556,,
67,1.04687,0.64444,,
68,0.89336,0.7,,
69,1.14606,0.6,,
70,0.89751,0.7,,
71,0.75902,0.75556,,
72,0.86305,0.67778,,
73,0.89058,0.67778,,
74,0.95126,0.66667,,
75,1.03362,0.61111,,
76,0.78578,0.75556,,
77,0.75147,0.76667,,
78,1.07977,0.62222,,
79,0.96522,0.63333,,
80,1.00842,0.63333,,
81,0.89842,0.63333,,
82,0.82306,0.67778,,
83,1.01706,0.65556,,
84,0.96678,0.65556,,
85,0.97781,0.61111,,
86,0.96061,0.65556,,
87,0.84113,0.66667,,
88,0.76363,0.73333,,
89,0.78111,0.7,,
90,0.78833,0.72222,,
91,0.91389,0.7,,
92,0.8488,0.64444,,
93,0.86827,0.71111,,
94,0.8034,0.66667,,
95,0.98752,0.62222,,
96,0.96457,0.64444,,
97,0.80906,0.7,,
98,0.93693,0.68889,,
99,0.89065,0.7,,
100,0.80496,0.73333,1.06845,0.65556
101,0.88589,0.7,,
102,0.65195,0.75556,,
103,0.89988,0.67778,,
104,0.80512,0.73333,,
105,0.89057,0.67778,,
106,0.82672,0.67778,,
107,0.81518,0.72222,,
108,0.77705,0.76667,,
109,0.89443,0.67778,,
110,0.67395,0.76667,,
111,0.80608,0.73333,,
112,0.98435,0.63333,,
113,0.78584,0.72222,,
114,0.71583,0.72222,,
115,0.853,0.71111,,
116,0.67267,0.78889,,
117,0.99764,0.65556,,
118,0.75103,0.72222,,
119,0.94193,0.67778,,
120,0.7194,0.7,,
121,1.04783,0.6,,
122,0.73449,0.73333,,
123,0.83205,0.7,,
124,0.92702,0.66667,,
125,0.95087,0.66667,,
126,0.9604,0.62222,,
127,0.8514,0.67778,,
128,0.82378,0.7,,
129,0.83666,0.68889,,
130,0.97722,0.63333,,
131,0.97609,0.66667,,
132,0.86893,0.67778,,
133,0.91743,0.66667,,
134,1.01967,0.62222,,
135,0.74291,0.75556,,
136,0.75633,0.75556,,
137,0.77133,0.71111,,
138,0.88896,0.67778,,
139,0.92735,0.65556,,
140,0.93498,0.67778,,
141,0.97832,0.62222,,
142,0.73869,0.72222,,
143,0.71382,0.74444,,
144,0.8305,0.71111,,
145,1.06951,0.6,,
146,0.71971,0.77778,,
147,0.90041,0.7,,
148,0.89287,0.71111,,
149,0.73354,0.72222,,
150,0.85372,0.67778,,
151,0.76493,0.74444,,
152,0.854,0.71111,,
153,0.77334,0.75556,,
154,0.87745,0.68889,,
155,0.85285,0.72222,,
156,0.9767,0.7,,
157,0.97255,0.67778,,
158,0.91264,0.7,,
159,0.76992,0.71111,,
160,0.92059,0.65556,,
161,0.7843,0.75556,,
162,0.78368,0.77778,,
163,0.87053,0.64444,,
164,0.83724,0.71111,,
165,0.77253,0.77778,,
166,0.92092,0.68889,,
167,0.90798,0.65556,,
168,1.0408,0.6,,
169,0.83253,0.74444,,
170,0.87485,0.68889,,
171,0.87446,0.67778,,
172,1.00035,0.65556,,
173,0.77935,0.71111,,
174,0.6927,0.74444,,
175,0.78552,0.74444,,
176,0.84461,0.73333,,
177,0.94123,0.62222,,
178,1.12257,0.63333,,
179,0.7439,0.75556,,
180,0.81754,0.73333,,
181,0.99617,0.64444,,
182,0.8423,0.71111,,
183,0.8869,0.72222,,
184,0.88325,0.66667,,
185,0.93482,0.66667,,
186,0.87142,0.7,,
187,0.96025,0.63333,,
188,0.86608,0.65556,,
189,0.88087,0.64444,,
190,0.87623,0.66667,,
191,0.97654,0.61111,,
192,0.8914,0.72222,,
193,0.98704,0.65556,,
194,0.95852,0.66667,,
195,1.01018,0.62222,,
196,0.82661,0.72222,,
197,0.92314,0.58889,,
198,1.00729,0.66667,,
199,0.88631,0.66667,,
200,0.81493,0.7,0.82944,0.71111
201,0.87816,0.68889,,
202,1.05194,0.63333,,
203,0.8685,0.72222,,
204,0.78308,0.68889,,
205,1.02716,0.61111,,
206,0.81812,0.67778,,
207,0.92777,0.68889,,
208,0.94573,0.67778,,
209,0.77486,0.72222,,
210,0.90103,0.7,,
211,0.82483,0.74444,,
212,0.82022,0.73333,,
213,0.91925,0.68889,,
214,1.09511,0.63333,,
215,0.90896,0.64444,,
216,0.81445,0.71111,,
217,0.68097,0.77778,,
218,0.83579,0.73333,,
219,0.73016,0.7,,
220,0.78662,0.72222,,
221,0.92011,0.7,,
222,0.54387,0.84444,,
223,0.51685,0.81111,,
224,0.72535,0.73333,,
225,0.86417,0.67778,,
226,0.79504,0.7,,
227,0.92243,0.67778,,
228,0.81557,0.68889,,
229,0.91674,0.67778,,
230,0.89607,0.71111,,
231,0.90132,0.67778,,
232,1.11036,0.63333,,
233,0.79701,0.7,,
234,0.99067,0.61111,,
235,0.91042,0.73333,,
236,0.8335,0.65556,,
237,1.02482,0.61111,,
238,1.01653,0.64444,,
239,0.86168,0.73333,,
240,0.98486,0.65556,,
241,0.83304,0.71111,,
242,0.96142,0.67778,,
243,0.91848,0.68889,,
244,0.66393,0.81111,,
245,0.96731,0.67778,,
246,0.81297,0.71111,,
247,0.91022,0.7,,
248,0.81517,0.72222,,
249,0.96563,0.62222,,
250,1.10347,0.62222,,
251,0.88313,0.71111,,
252,0.83098,0.68889,,
253,0.97395,0.6,,
254,0.90719,0.68889,,
255,0.82016,0.64444,,
256,0.79651,0.71111,,
257,0.81527,0.7,,
258,0.94324,0.68889,,
259,1.01903,0.63333,,
260,0.80699,0.73333,,
261,0.73065,0.74444,,
262,0.79903,0.68889,,
263,0.93435,0.64444,,
264,0.90342,0.65556,,
265,0.74227,0.77778,,
266,0.80526,0.7,,
267,0.85547,0.7,,
268,0.84895,0.66667,,
269,0.91176,0.73333,,
270,0.57977,0.82222,,
271,0.95632,0.64444,,
272,0.99825,0.62222,,
273,0.98819,0.66667,,
274,0.80473,0.73333,,
275,0.90655,0.71111,,
276,0.71686,0.76667,,
277,0.8122,0.71111,,
278,0.84816,0.68889,,
279,0.87863,0.71111,,
280,1.03328,0.6,,
281,0.79811,0.73333,,
282,0.73898,0.71111,,
283,1.03209,0.63333,,
284,0.59044,0.76667,,
285,0.87398,0.71111,,
286,1.07297,0.65556,,
287,1.14903,0.57778,,
288,0.68291,0.75556,,
289,0.77646,0.71111,,
290,0.9649,0.64444,,
291,0.71702,0.73333,,
292,0.78432,0.73333,,
293,0.80059,0.73333,,
294,0.81645,0.74444,,
295,0.77566,0.71111,,
296,0.93573,0.68889,,
297,0.96667,0.65556,,
298,0.97049,0.64444,,
299,0.81278,0.71111,,
300,0.93589,0.67778,0.88891,0.71111
301,0.96198,0.64444,,
302,0.78982,0.71111,,
303,0.82217,0.72222,,
304,0.87299,0.68889,,
305,0.79878,0.7,,
306,0.86641,0.7,,
307,1.02265,0.62222,,
308,0.89465,0.68889,,
309,1.0285,0.61111,,
310,0.89781,0.71111,,
311,0.94262,0.71111,,
312,0.89615,0.65556,,
313,0.8357,0.68889,,
314,0.69377,0.75556,,
315,0.83502,0.73333,,
316,0.94729,0.66667,,
317,0.89281,0.66667,,
318,1.06767,0.61111,,
319,0.95084,0.63333,,
320,0.92403,0.66667,,
321,0.84924,0.74444,,
322,0.72922,0.78889,,
323,0.80637,0.73333,,
324,0.72029,0.78889,,
325,0.85961,0.68889,,
326,0.82875,0.73333,,
327,0.9337,0.65556,,
328,0.88,0.72222,,
329,0.71284,0.75556,,
330,0.85838,0.68889,,
331,0.74254,0.73333,,
332,0.91779,0.68889,,
333,0.82657,0.73333,,
334,0.98559,0.61111,,
335,0.94151,0.62222,,
336,0.75304,0.72222,,
337,0.88296,0.67778,,
338,0.80112,0.66667,,
339,0.80577,0.74444,,
340,0.88061,0.73333,,
341,0.7019,0.78889,,
342,0.86621,0.71111,,
343,0.84937,0.67778,,
344,0.93194,0.7,,
345,0.85317,0.68889,,
346,0.89742,0.61111,,
347,0.84375,0.66667,,
348,0.7355,0.74444,,
349,0.88496,0.73333,,
350,0.81493,0.71111,,
351,0.99163,0.61111,,
352,0.93666,0.62222,,
353,0.90727,0.67778,,
354,0.74637,0.73333,,
355,0.90424,0.64444,,
356,0.86192,0.67778,,
357,0.82428,0.67778,,
358,0.8393,0.67778,,
359,1.0005,0.67778,,
360,0.89868,0.66667,,
361,0.83259,0.7,,
362,0.99706,0.65556,,
363,0.9759,0.7,,
364,0.78503,0.74444,,
365,0.9856,0.6,,
366,0.76678,0.71111,,
367,0.82679,0.72222,,
368,1.03348,0.64444,,
369,0.96125,0.64444,,
370,0.8177,0.71111,,
371,0.90864,0.71111,,
372,0.81553,0.7,,
373,0.93722,0.63333,,
374,0.78177,0.73333,,
375,0.7231,0.75556,,
376,0.96914,0.62222,,
377,1.03504,0.63333,,
378,0.97229,0.61111,,
379,0.7374,0.76667,,
380,0.85169,0.68889,,
381,0.83758,0.68889,,
382,0.79389,0.72222,,
383,0.9863,0.66667,,
384,0.89312,0.66667,,
385,0.98519,0.64444,,
386,0.69954,0.78889,,
387,0.73739,0.75556,,
388,0.79113,0.75556,,
389,0.81671,0.71111,,
390,0.69589,0.73333,,
391,0.90799,0.67778,,
392,0.84494,0.71111,,
393,0.8517,0.68889,,
394,0.85669,0.68889,,
395,0.99666,0.6,,
396,0.79812,0.7,,
397,1.02085,0.64444,,
398,0.70396,0.78889,,
399,0.86423,0.65556,,
400,0.86759,0.68889,0.75604,0.73333
401,0.75811,0.7,,
402,0.7922,0.67778,,
403,0.87988,0.68889,,
404,0.79618,0.7,,
405,0.68472,0.78889,,
406,0.80648,0.68889,,
407,0.8035,0.73333,,
408,0.92064,0.67778,,
409,0.88549,0.71111,,
410,0.96331,0.64444,,
411,0.70384,0.74444,,
412,0.86647,0.71111,,
413,0.79903,0.71111,,
414,0.82518,0.7,,
415,0.68576,0.78889,,
416,0.98478,0.62222,,
417,0.85519,0.68889,,
418,0.82154,0.72222,,
419,0.85643,0.73333,,
420,0.92824,0.67778,,
421,0.7079,0.78889,,
422,0.95553,0.6,,
423,0.88474,0.72222,,
424,0.87782,0.67778,,
425,0.93291,0.66667,,
426,0.98345,0.63333,,
427,1.08055,0.58889,,
428,0.84691,0.72222,,
429,0.87955,0.66667,,
430,0.91038,0.68889,,
431,0.73639,0.7,,
432,0.76716,0.71111,,
433,0.64138,0.77778,,
434,0.82832,0.71111,,
435,1.01541,0.7,,
436,0.758,0.75556,,
437,1.09201,0.62222,,
438,0.79992,0.7,,
439,0.75091,0.72222,,
440,0.72957,0.76667,,
441,0.87146,0.7,,
442,0.73651,0.74444,,
443,0.6925,0.74444,,
444,0.90459,0.7,,
445,0.7407,0.73333,,
446,0.88595,0.7,,
447,0.8686,0.71111,,
448,0.95407,0.68889,,
449,0.79618,0.75556,,
450,0.7732,0.73333,,
451,0.74072,0.75556,,
452,0.93308,0.62222,,
453,0.87985,0.68889,,
454,0.90026,0.67778,,
455,0.73975,0.74444,,
456,0.8675,0.72222,,
457,0.83756,0.63333,,
458,0.94096,0.62222,,
459,0.76238,0.72222,,
460,0.8125,0.72222,,
461,0.79996,0.7,,
462,0.83688,0.67778,,
463,0.79722,0.73333,,
464,0.81379,0.68889,,
465,0.72919,0.73333,,
466,0.91676,0.71111,,
467,0.65834,0.78889,,
468,0.98357,0.68889,,
469,0.66719,0.78889,,
470,0.77224,0.74444,,
471,0.83289,0.72222,,
472,1.02602,0.63333,,
473,0.98873,0.62222,,
474,0.73652,0.78889,,
475,0.83477,0.75556,,
476,0.74607,0.74444,,
477,0.80715,0.76667,,
478,0.94222,0.65556,,
479,0.85037,0.68889,,
480,0.9298,0.66667,,
481,0.73514,0.73333,,
482,0.87123,0.65556,,
483,0.87903,0.68889,,
484,0.77164,0.74444,,
485,0.78009,0.72222,,
486,0.83878,0.67778,,
487,0.89271,0.7,,
488,0.99813,0.67778,,
489,1.03147,0.62222,,
490,0.76755,0.73333,,
491,0.78751,0.73333,,
492,0.82772,0.7,,
493,1.11018,0.56667,,
494,0.79794,0.71111,,
495,0.80671,0.74444,,
496,0.97183,0.63333,,
497,0.82465,0.7,,
498,0.88907,0.67778,,
499,0.89371,0.63333,,
500,0.82358,0.66667,0.86906,0.67778
501,0.85613,0.64444,,
502,0.85108,0.7,,
503,0.96711,0.68889,,
504,0.85596,0.68889,,
505,0.85268,0.7,,
506,0.64396,0.75556,,
507,0.84724,0.64444,,
508,0.69263,0.75556,,
509,0.86305,0.65556,,
510,0.75806,0.72222,,
511,0.83847,0.71111,,
512,0.75428,0.74444,,
513,0.92584,0.65556,,
514,0.77709,0.71111,,
515,0.99306,0.65556,,
516,0.70589,0.76667,,
517,0.70646,0.76667,,
518,0.86855,0.7,,
519,0.93519,0.66667,,
520,0.78767,0.75556,,
521,0.82733,0.7,,
522,0.79625,0.7,,
523,0.84947,0.67778,,
524,0.69914,0.73333,,
525,0.85215,0.7,,
526,0.89221,0.66667,,
527,0.82969,0.7,,
528,0.79932,0.67778,,
529,0.97341,0.62222,,
530,0.93114,0.61111,,
531,0.94891,0.7,,
532,0.9458,0.66667,,
533,0.93769,0.64444,,
534,1.14627,0.58889,,
535,0.94485,0.64444,,
536,0.90711,0.65556,,
537,0.8041,0.68889,,
538,0.81656,0.7,,
539,0.88974,0.72222,,
540,0.71803,0.75556,,
541,0.99577,0.67778,,
542,0.77237,0.71111,,
543,0.9657,0.67778,,
544,0.7111,0.75556,,
545,0.99543,0.68889,,
546,0.7024,0.74444,,
547,0.84744,0.64444,,
548,0.78768,0.71111,,
549,0.80047,0.73333,,
550,0.94838,0.62222,,
551,0.95791,0.63333,,
552,0.94133,0.64444,,
553,0.74488,0.74444,,
554,0.86112,0.68889,,
555,0.79294,0.74444,,
556,0.81023,0.72222,,
557,0.83383,0.67778,,
558,0.77449,0.71111,,
559,0.85537,0.7,,
560,0.73172,0.75556,,
561,0.9089,0.65556,,
562,0.7889,0.74444,,
563,0.79446,0.67778,,
564,0.84023,0.76667,,
565,0.86015,0.67778,,
566,0.99513,0.7,,
567,0.77518,0.7,,
568,0.76567,0.71111,,
569,0.94006,0.64444,,
570,0.83355,0.7,,
571,0.8396,0.72222,,
572,0.84583,0.7,,
573,0.79741,0.67778,,
574,0.7961,0.73333,,
575,0.91178,0.67778,,
576,0.92201,0.67778,,
577,0.77965,0.74444,,
578,0.65259,0.8,,
579,0.95296,0.64444,,
580,0.85986,0.67778,,
581,0.90007,0.67778,,
582,0.98399,0.63333,,
583,0.84247,0.73333,,
584,0.80649,0.72222,,
585,0.87209,0.67778,,
586,0.71826,0.74444,,
587,0.85122,0.68889,,
588,0.9036,0.64444,,
589,0.85171,0.63333,,
590,0.87469,0.66667,,
591,0.82168,0.74444,,
592,0.72453,0.72222,,
593,0.89434,0.63333,,
594,0.8276,0.63333,,
595,0.97986,0.62222,,
596,0.75759,0.77778,,
597,0.95997,0.61111,,
598,1.0752,0.68889,,
599,0.67254,0.77778,,
600,0.80986,0.71111,0.85803,0.68889
601,0.99742,0.62222,,
602,0.83396,0.68889,,
603,0.79923,0.66667,,
604,0.68523,0.78889,,
605,0.67247,0.8,,
606,0.82544,0.66667,,
607,0.66743,0.75556,,
608,1.05778,0.57778,,
609,0.92485,0.67778,,
610,1.04304,0.66667,,
611,0.90147,0.68889,,
612,0.80205,0.73333,,
613,0.81126,0.72222,,
614,0.69304,0.78889,,
615,0.87373,0.7,,
616,0.89638,0.65556,,
617,0.77188,0.7,,
618,0.73285,0.8,,
619,0.88294,0.63333,,
620,1.04235,0.63333,,
621,0.67787,0.75556,,
622,0.8864,0.68889,,
623,0.76199,0.75556,,
624,0.95148,0.63333,,
625,0.70741,0.78889,,
626,0.64819,0.8,,
627,0.89514,0.61111,,
628,0.69166,0.75556,,
629,0.84663,0.67778,,
630,0.7209,0.74444,,
631,0.94683,0.63333,,
632,1.09496,0.6,,
633,0.98135,0.65556,,
634,0.76978,0.73333,,
635,1.10132,0.56667,,
636,0.91536,0.67778,,
637,0.65489,0.75556,,
638,0.78413,0.76667,,
639,0.95664,0.6,,
640,0.88007,0.63333,,
641,0.80294,0.68889,,
642,0.88334,0.73333,,
643,0.86723,0.66667,,
644,0.85924,0.73333,,
645,0.90999,0.65556,,
646,0.96059,0.63333,,
647,0.98927,0.58889,,
648,0.78382,0.71111,,
649,1.04791,0.55556,,
650,0.72264,0.74444,,
651,0.95485,0.66667,,
652,0.98451,0.67778,,
653,0.75445,0.72222,,
654,0.94607,0.67778,,
655,1.04872,0.62222,,
656,0.85375,0.67778,,
657,0.87097,0.64444,,
658,0.9314,0.65556,,
659,0.73831,0.75556,,
660,0.79888,0.72222,,
661,0.88835,0.68889,,
662,0.79328,0.73333,,
663,0.83537,0.67778,,
664,0.79001,0.7,,
665,0.8881,0.66667,,
666,0.82138,0.77778,,
667,0.8582,0.68889,,
668,0.74049,0.71111,,
669,0.92817,0.65556,,
670,0.97817,0.66667,,
671,0.7477,0.71111,,
672,1.03842,0.65556,,
673,0.82806,0.66667,,
674,0.92097,0.67778,,
675,0.60585,0.81111,,
676,0.89209,0.65556,,
677,1.02697,0.62222,,
678,0.8792,0.68889,,
679,0.78553,0.72222,,
680,0.92116,0.66667,,
681,0.80832,0.72222,,
682,0.85167,0.72222,,
683,0.84685,0.68889,,
684,0.78979,0.72222,,
685,0.77505,0.75556,,
686,0.78444,0.71111,,
687,0.71748,0.73333,,
688,0.71072,0.77778,,
689,0.67106,0.76667,,
690,0.9134,0.67778,,
691,0.99607,0.66667,,
692,0.92792,0.7,,
693,0.67594,0.81111,,
694,0.67537,0.72222,,
695,0.76933,0.73333,,
696,0.8484,0.68889,,
697,0.85495,0.72222,,
698,0.85563,0.65556,,
699,0.88358,0.7,,
700,0.93569,0.64444,0.77408,0.74444
701,0.84176,0.68889,,
702,0.8226,0.71111,,
703,0.96488,0.64444,,
704,1.00464,0.62222,,
705,0.78389,0.74444,,
706,1.07904,0.62222,,
707,0.89723,0.68889,,
708,0.8233,0.73333,,
709,0.96244,0.67778,,
710,0.90624,0.66667,,
711,0.86764,0.71111,,
712,0.9256,0.64444,,
713,0.75909,0.71111,,
714,0.77645,0.71111,,
715,0.83095,0.72222,,
716,0.6885,0.75556,,
717,0.7227,0.8,,
718,1.10925,0.6,,
719,0.82679,0.71111,,
720,0.82447,0.75556,,
721,0.81608,0.73333,,
722,1.06241,0.6,,
723,0.7835,0.72222,,
724,0.75106,0.73333,,
725,0.90036,0.68889,,
726,0.82009,0.7,,
727,0.9038,0.68889,,
728,0.85356,0.66667,,
729,0.856,0.71111,,
730,0.7813,0.71111,,
731,0.91641,0.67778,,
732,0.80206,0.74444,,
733,0.90468,0.71111,,
734,1.02735,0.61111,,
735,0.83399,0.65556,,
736,0.88779,0.68889,,
737,0.73057,0.73333,,
738,1.00817,0.61111,,
739,0.74365,0.72222,,
740,0.89474,0.66667,,
741,0.60182,0.83333,,
742,0.86002,0.71111,,
743,0.98499,0.62222,,
744,0.88304,0.7,,
745,0.77009,0.7,,
746,0.82358,0.74444,,
747,0.73429,0.78889,,
748,0.79487,0.7,,
749,0.71079,0.74444,,
750,0.85342,0.74444,,
751,0.66214,0.78889,,
752,0.83191,0.68889,,
753,0.7548,0.68889,,
754,0.89533,0.7,,
755,0.78935,0.71111,,
756,0.86416,0.71111,,
757,0.87295,0.67778,,
758,0.92841,0.66667,,
759,0.88069,0.68889,,
760,0.61141,0.8,,
761,0.87618,0.64444,,
762,0.77267,0.74444,,
763,0.90297,0.72222,,
764,0.92327,0.67778,,
765,0.79867,0.71111,,
766,0.94117,0.67778,,
767,0.7447,0.74444,,
768,0.77587,0.71111,,
769,0.54104,0.85556,,
770,0.62869,0.81111,,
771,0.9995,0.62222,,
772,0.66986,0.73333,,
773,0.87846,0.66667,,
774,0.57726,0.74444,,
775,1.01948,0.63333,,
776,0.73239,0.75556,,
777,0.88705,0.7,,
778,0.80924,0.71111,,
779,0.80731,0.75556,,
780,0.70326,0.75556,,
781,0.92043,0.63333,,
782,0.77162,0.7,,
783,0.77474,0.72222,,
784,0.87294,0.66667,,
785,0.97067,0.63333,,
786,0.78397,0.74444,,
787,0.6425,0.78889,,
788,0.77834,0.73333,,
789,0.82764,0.67778,,
790,0.87917,0.65556,,
791,0.90055,0.65556,,
792,0.86569,0.68889,,
793,0.88231,0.65556,,
794,0.72272,0.72222,,
795,0.67236,0.77778,,
796,0.58494,0.82222,,
797,0.72628,0.73333,,
798,0.91572,0.66667,,
799,0.79054,0.74444,,
800,0.96653,0.64444,0.71172,0.75556
801,0.79448,0.7,,
802,0.75913,0.72222,,
803,0.7567,0.76667,,
804,0.83817,0.68889,,
805,0.7992,0.77778,,
806,1.02918,0.63333,,
807,0.62957,0.78889,,
808,0.73933,0.8,,
809,0.79683,0.7,,
810,1.02374,0.57778,,
811,0.73241,0.76667,,
812,0.84803,0.67778,,
813,0.74689,0.71111,,
814,0.7404,0.74444,,
815,0.97413,0.65556,,
816,0.80431,0.71111,,
817,0.7256,0.76667,,
818,0.86488,0.68889,,
819,0.60237,0.77778,,
820,0.78461,0.75556,,
821,0.88182,0.71111,,
822,0.70889,0.73333,,
823,0.75842,0.76667,,
824,0.71737,0.75556,,
825,0.68802,0.78889,,
826,0.77166,0.7,,
827,0.96675,0.64444,,
828,0.6715,0.8,,
829,0.83921,0.72222,,
830,0.98312,0.67778,,
831,0.94168,0.66667,,
832,0.68316,0.77778,,
833,0.91728,0.64444,,
834,0.78862,0.71111,,
835,0.6484,0.77778,,
836,0.9617,0.64444,,
837,0.89513,0.68889,,
838,0.92238,0.71111,,
839,0.55689,0.84444,,
840,0.81311,0.72222,,
841,0.78832,0.73333,,
842,0.89215,0.68889,,
843,0.829,0.7,,
844,0.85543,0.68889,,
845,0.72827,0.76667,,
846,0.73616,0.75556,,
847,0.78579,0.74444,,
848,0.97051,0.66667,,
849,0.93594,0.66667,,
850,0.83669,0.73333,,
851,0.85376,0.68889,,
852,0.93234,0.65556,,
853,0.77375,0.74444,,
854,0.86825,0.68889,,
855,0.82354,0.71111,,
856,0.77546,0.7,,
857,0.91056,0.66667,,
858,0.73748,0.75556,,
859,0.78574,0.71111,,
860,0.59805,0.78889,,
861,0.71933,0.77778,,
862,1.00244,0.67778,,
863,0.68957,0.78889,,
864,0.86737,0.7,,
865,0.81648,0.68889,,
866,0.80542,0.73333,,
867,0.65637,0.74444,,
868,0.93505,0.7,,
869,0.71912,0.76667,,
870,0.8611,0.68889,,
871,0.88987,0.65556,,
872,0.92592,0.67778,,
873,0.7134,0.76667,,
874,0.83737,0.67778,,
875,0.91393,0.61111,,
876,0.76344,0.73333,,
877,0.92511,0.68889,,
878,0.72745,0.73333,,
879,0.84816,0.74444,,
880,0.72113,0.76667,,
881,0.85901,0.7,,
882,0.69439,0.78889,,
883,0.81297,0.68889,,
884,0.9147,0.64444,,
885,0.66047,0.77778,,
886,0.81656,0.68889,,
887,0.91487,0.66667,,
888,0.88201,0.65556,,
889,1.00758,0.6,,
890,0.91079,0.63333,,
891,0.7092,0.75556,,
892,0.70643,0.72222,,
893,0.918,0.63333,,
894,0.93046,0.66667,,
895,0.78829,0.72222,,
896,0.71024,0.75556,,
897,0.88781,0.7,,
898,0.78593,0.73333,,
899,0.91407,0.65556,,
900,0.81833,0.68889,0.76971,0.72222
901,0.92207,0.65556,,
902,0.72031,0.75556,,
903,0.96173,0.66667,,
904,0.65812,0.74444,,
905,0.91844,0.63333,,
906,0.67583,0.75556,,
907,0.90228,0.73333,,
908,0.94494,0.62222,,
909,0.8047,0.74444,,
910,0.73873,0.74444,,
911,0.78127,0.73333,,
912,0.79969,0.65556,,
913,0.70237,0.75556,,
914,0.83486,0.71111,,
915,0.63297,0.78889,,
916,0.78122,0.71111,,
917,0.6453,0.82222,,
918,0.76029,0.72222,,
919,0.689,0.76667,,
920,0.85622,0.68889,,
921,0.73834,0.74444,,
922,0.78254,0.73333,,
923,0.7637,0.72222,,
924,0.84165,0.66667,,
925,0.8634,0.7,,
926,0.79459,0.68889,,
927,0.82926,0.73333,,
928,0.8824,0.65556,,
929,0.777,0.71111,,
930,0.7287,0.75556,,
931,0.81145,0.71111,,
932,0.8016,0.72222,,
933,0.84842,0.65556,,
934,0.91579,0.64444,,
935,0.79744,0.73333,,
936,0.93877,0.67778,,
937,0.74686,0.75556,,
938,0.66695,0.77778,,
939,0.76589,0.76667,,
940,0.82735,0.7,,
941,0.88537,0.68889,,
942,0.86105,0.67778,,
943,0.73568,0.72222,,
944,0.77662,0.77778,,
945,0.92995,0.65556,,
946,0.67769,0.74444,,
947,0.7837,0.75556,,
948,0.94782,0.64444,,
949,0.66954,0.75556,,
950,0.87097,0.68889,,
951,0.66496,0.8,,
952,0.84512,0.71111,,
953,0.93214,0.65556,,
954,0.69976,0.73333,,
955,0.89646,0.7,,
956,0.8805,0.68889,,
957,0.75145,0.72222,,
958,0.75632,0.71111,,
959,0.73005,0.7,,
960,0.83272,0.65556,,
961,0.81631,0.7,,
962,0.71564,0.72222,,
963,0.94008,0.68889,,
964,0.93974,0.67778,,
965,0.83882,0.68889,,
966,0.82284,0.71111,,
967,0.7047,0.73333,,
968,0.93939,0.66667,,
969,0.75052,0.75556,,
970,0.83802,0.72222,,
971,0.97499,0.68889,,
972,0.85107,0.64444,,
973,0.79138,0.7,,
974,0.80617,0.74444,,
975,0.80861,0.68889,,
976,0.84011,0.67778,,
977,0.87023,0.66667,,
978,0.8411,0.68889,,
979,0.8507,0.71111,,
980,0.7891,0.76667,,
981,0.80081,0.72222,,
982,0.65263,0.75556,,
983,0.9413,0.73333,,
984,0.89109,0.64444,,
985,0.8191,0.7,,
986,0.80445,0.66667,,
987,0.79443,0.75556,,
988,0.90495,0.66667,,
989,0.73923,0.73333,,
990,0.7855,0.71111,,
991,1.01023,0.63333,,
992,0.64114,0.76667,,
993,0.91143,0.71111,,
994,0.79729,0.7,,
995,1.01098,0.66667,,
996,0.88612,0.68889,,
997,0.8403,0.71111,,
998,0.75768,0.74444,,
999,0.85679,0.65556,,
1000,0.91184,0.67778,0.87719,0.68889
1001,0.74442,0.7,,
1002,1.023,0.61111,,
1003,0.85953,0.74444,,
1004,0.7901,0.72222,,
1005,0.79117,0.71111,,
1006,0.79663,0.68889,,
1007,0.82153,0.7,,
1008,0.76061,0.72222,,
1009,0.838,0.68889,,
1010,0.72283,0.82222,,
1011,0.95577,0.64444,,
1012,0.84311,0.67778,,
1013,0.84544,0.71111,,
1014,0.71998,0.72222,,
1015,0.78318,0.72222,,
1016,0.90725,0.66667,,
1017,0.76507,0.71111,,
1018,0.87931,0.71111,,
1019,0.91607,0.7,,
1020,0.85296,0.68889,,
1021,0.71968,0.74444,,
1022,0.86107,0.68889,,
1023,0.88198,0.7,,
1024,0.80335,0.75556,,
1025,1.00326,0.62222,,
1026,0.69165,0.74444,,
1027,0.78758,0.72222,,
1028,0.8184,0.73333,,
1029,0.90698,0.68889,,
1030,0.83549,0.68889,,
1031,0.84165,0.64444,,
1032,0.79665,0.72222,,
1033,0.72011,0.75556,,
1034,0.91537,0.67778,,
1035,0.86078,0.67778,,
1036,0.92122,0.66667,,
1037,0.8778,0.67778,,
1038,0.77023,0.73333,,
1039,0.81328,0.74444,,
1040,0.76685,0.72222,,
1041,0.84342,0.67778,,
1042,0.73397,0.76667,,
1043,0.71979,0.75556,,
1044,0.81327,0.71111,,
1045,0.91065,0.66667,,
1046,0.82697,0.7,,
1047,0.85703,0.71111,,
1048,0.97196,0.63333,,
1049,0.76837,0.71111,,
1050,0.66339,0.78889,,
1051,0.71969,0.73333,,
1052,0.62577,0.77778,,
1053,0.87545,0.65556,,
1054,0.92206,0.65556,,
1055,0.67026,0.75556,,
1056,0.77161,0.7,,
1057,0.92279,0.62222,,
1058,0.71412,0.72222,,
1059,0.9116,0.64444,,
1060,0.71522,0.74444,,
1061,0.85519,0.71111,,
1062,0.5767,0.81111,,
1063,0.91074,0.67778,,
1064,1.08745,0.58889,,
1065,0.79159,0.7,,
1066,1.03284,0.63333,,
1067,0.81703,0.65556,,
1068,0.70552,0.71111,,
1069,0.83664,0.71111,,
1070,0.97656,0.67778,,
1071,0.70996,0.76667,,
1072,0.70198,0.76667,,
1073,0.77695,0.73333,,
1074,0.94799,0.65556,,
1075,0.76259,0.72222,,
1076,0.73439,0.74444,,
1077,0.69682,0.78889,,
1078,0.74935,0.78889,,
1079,0.88816,0.65556,,
1080,0.78995,0.75556,,
1081,0.76712,0.72222,,
1082,0.75936,0.73333,,
1083,0.82735,0.72222,,
1084,0.67265,0.77778,,
1085,0.72813,0.73333,,
1086,0.9649,0.63333,,
1087,0.8087,0.65556,,
1088,0.78994,0.68889,,
1089,0.73835,0.76667,,
1090,0.64011,0.81111,,
1091,0.69329,0.76667,,
1092,0.88311,0.65556,,
1093,0.81669,0.7,,
1094,0.8149,0.7,,
1095,0.83724,0.72222,,
1096,0.9502,0.67778,,
1097,0.88715,0.7,,
1098,0.82501,0.72222,,
1099,0.82464,0.72222,,
1100,0.97657,0.68889,0.82811,0.7
1101,0.79177,0.68889,,
1102,0.65629,0.77778,,
1103,0.82263,0.71111,,
1104,0.8156,0.72222,,
1105,0.78436,0.72222,,
1106,0.90945,0.63333,,
1107,0.72709,0.72222,,
1108,0.89815,0.68889,,
1109,0.75163,0.72222,,
1110,0.93695,0.67778,,
1111,0.91414,0.65556,,
1112,0.99401,0.64444,,
1113,0.7362,0.75556,,
1114,0.78078,0.73333,,
1115,0.84548,0.68889,,
1116,0.81369,0.72222,,
1117,0.84034,0.66667,,
1118,0.64842,0.78889,,
1119,0.81027,0.67778,,
1120,0.76786,0.7,,
1121,0.65035,0.78889,,
1122,1.06379,0.62222,,
1123,0.53301,0.8,,
1124,0.86979,0.71111,,
1125,0.75291,0.72222,,
1126,0.74479,0.77778,,
1127,0.65546,0.78889,,
1128,0.73137,0.73333,,
1129,0.76403,0.76667,,
1130,0.78558,0.67778,,
1131,1.07914,0.63333,,
1132,0.86102,0.7,,
1133,0.73923,0.7,,
1134,0.73358,0.71111,,
1135,0.97567,0.65556,,
1136,0.76249,0.73333,,
1137,0.75024,0.7,,
1138,0.80376,0.7,,
1139,0.73712,0.73333,,
1140,0.82144,0.67778,,
1141,0.87514,0.65556,,
1142,0.72265,0.74444,,
1143,0.85693,0.67778,,
1144,0.67522,0.8,,
1145,0.81351,0.7,,
1146,0.72778,0.74444,,
1147,0.74584,0.72222,,
1148,0.79883,0.7,,
1149,0.73488,0.73333,,
1150,0.69606,0.71111,,
1151,0.75114,0.72222,,
1152,0.71614,0.71111,,
1153,0.71413,0.71111,,
1154,0.85235,0.72222,,
1155,0.81939,0.71111,,
1156,0.75136,0.71111,,
1157,0.83613,0.72222,,
1158,0.66548,0.76667,,
1159,0.92643,0.65556,,
1160,0.88494,0.67778,,
1161,0.85604,0.68889,,
1162,0.82281,0.74444,,
1163,0.70769,0.74444,,
1164,0.96216,0.63333,,
1165,0.71724,0.72222,,
1166,0.69456,0.76667,,
1167,0.99844,0.65556,,
1168,0.74106,0.72222,,
1169,0.72791,0.77778,,
1170,0.69832,0.71111,,
1171,0.8669,0.7,,
1172,0.83912,0.7,,
1173,0.79173,0.73333,,
1174,0.76356,0.74444,,
1175,0.60629,0.78889,,
1176,0.93091,0.66667,,
1177,0.98353,0.66667,,
1178,0.95602,0.63333,,
1179,0.90247,0.64444,,
1180,0.91133,0.67778,,
1181,0.78355,0.7,,
1182,0.72311,0.72222,,
1183,0.87477,0.68889,,
1184,0.75106,0.71111,,
1185,0.67733,0.75556,,
1186,0.68636,0.76667,,
1187,0.93744,0.63333,,
1188,0.68856,0.72222,,
1189,0.75411,0.72222,,
1190,0.78722,0.72222,,
1191,0.79771,0.73333,,
1192,0.78989,0.73333,,
1193,0.78945,0.72222,,
1194,0.78342,0.7,,
1195,0.71086,0.73333,,
1196,0.96933,0.63333,,
1197,0.80367,0.76667,,
1198,0.76153,0.74444,,
1199,0.76848,0.71111,,
1200,0.77001,0.7,0.76221,0.73333
1201,0.75278,0.74444,,
1202,0.88198,0.64444,,
1203,0.78988,0.71111,,
1204,0.79521,0.7,,
1205,0.63821,0.77778,,
1206,0.6993,0.75556,,
1207,0.96315,0.61111,,
1208,1.0106,0.64444,,
1209,0.91074,0.7,,
1210,0.78111,0.78889,,
1211,0.70825,0.73333,,
1212,0.83795,0.67778,,
1213,0.86216,0.68889,,
1214,0.86707,0.63333,,
1215,0.81578,0.72222,,
1216,0.92202,0.63333,,
1217,0.90556,0.67778,,
1218,0.79727,0.72222,,
1219,0.80607,0.72222,,
1220,0.79861,0.74444,,
1221,0.70253,0.77778,,
1222,0.68484,0.76667,,
1223,0.68453,0.78889,,
1224,0.93247,0.63333,,
1225,0.80359,0.72222,,
1226,0.62361,0.77778,,
1227,0.88533,0.67778,,
1228,0.84467,0.67778,,
1229,0.6364,0.75556,,
1230,0.64979,0.78889,,
1231,0.89064,0.67778,,
1232,0.64422,0.82222,,
1233,0.71731,0.74444,,
1234,0.72006,0.75556,,
1235,0.84119,0.65556,,
1236,1.01522,0.63333,,
1237,1.02442,0.63333,,
1238,0.78978,0.72222,,
1239,0.81554,0.68889,,
1240,0.87708,0.68889,,
1241,0.77479,0.65556,,
1242,0.96691,0.71111,,
1243,0.79334,0.74444,,
1244,0.87374,0.66667,,
1245,0.8014,0.73333,,
1246,0.91524,0.65556,,
1247,0.71877,0.73333,,
1248,0.82976,0.73333,,
1249,0.70325,0.8,,
1250,0.81815,0.73333,,
1251,0.72798,0.73333,,
1252,0.70822,0.76667,,
1253,0.78231,0.7,,
1254,0.80013,0.66667,,
1255,0.80752,0.66667,,
1256,0.94948,0.6,,
1257,0.67237,0.81111,,
1258,0.6954,0.76667,,
1259,0.8634,0.65556,,
1260,0.86661,0.66667,,
1261,0.84353,0.66667,,
1262,0.78879,0.72222,,
1263,0.73318,0.74444,,
1264,0.82104,0.73333,,
1265,0.81346,0.71111,,
1266,0.84528,0.71111,,
1267,0.9083,0.65556,,
1268,0.87961,0.71111,,
1269,0.99182,0.64444,,
1270,0.74901,0.73333,,
1271,1.05907,0.58889,,
1272,0.84975,0.73333,,
1273,0.79324,0.7,,
1274,0.82745,0.71111,,
1275,0.74973,0.75556,,
1276,0.91923,0.68889,,
1277,0.80162,0.72222,,
1278,0.64158,0.84444,,
1279,0.91124,0.7,,
1280,0.75487,0.75556,,
1281,0.6336,0.77778,,
1282,0.88267,0.66667,,
1283,1.06356,0.57778,,
1284,0.79539,0.7,,
1285,0.67903,0.71111,,
1286,0.56678,0.8,,
1287,0.79877,0.71111,,
1288,0.58382,0.78889,,
1289,0.70515,0.72222,,
1290,0.83727,0.7,,
1291,0.8984,0.66667,,
1292,0.69599,0.75556,,
1293,0.63808,0.75556,,
1294,0.68273,0.77778,,
1295,0.81454,0.67778,,
1296,0.84688,0.67778,,
1297,0.81895,0.7,,
1298,0.9485,0.64444,,
1299,0.83178,0.7,,
1300,0.76455,0.72222,0.83844,0.65556
1301,0.72841,0.71111,,
1302,0.9288,0.65556,,
1303,0.72421,0.72222,,
1304,0.7245,0.74444,,
1305,0.64987,0.75556,,
1306,0.75447,0.7,,
1307,0.87029,0.65556,,
1308,0.85275,0.66667,,
1309,0.76338,0.73333,,
1310,0.75455,0.74444,,
1311,0.75181,0.71111,,
1312,0.7559,0.75556,,
1313,0.79676,0.73333,,
1314,0.81994,0.7,,
1315,0.94895,0.61111,,
1316,0.77242,0.72222,,
1317,0.81136,0.68889,,
1318,0.91046,0.6,,
1319,0.86238,0.68889,,
1320,0.65941,0.78889,,
1321,0.7134,0.74444,,
1322,0.83446,0.72222,,
1323,0.99741,0.64444,,
1324,0.82193,0.72222,,
1325,0.90418,0.7,,
1326,0.74613,0.72222,,
1327,0.91269,0.68889,,
1328,0.69822,0.82222,,
1329,0.74766,0.68889,,
1330,0.60606,0.8,,
1331,0.86827,0.67778,,
1332,0.71477,0.74444,,
1333,0.77223,0.72222,,
1334,0.80012,0.75556,,
1335,0.85535,0.71111,,
1336,0.73134,0.72222,,
1337,0.89936,0.67778,,
1338,0.98996,0.62222,,
1339,0.82244,0.75556,,
1340,0.76249,0.73333,,
1341,0.77647,0.66667,,
1342,0.79894,0.72222,,
1343,0.91281,0.67778,,
1344,0.67235,0.77778,,
1345,0.80567,0.7,,
1346,0.88973,0.72222,,
1347,0.67882,0.75556,,
1348,0.91649,0.68889,,
1349,0.98658,0.64444,,
1350,0.92843,0.67778,,
1351,0.93033,0.6,,
1352,0.74168,0.72222,,
1353,0.8441,0.68889,,
1354,0.7561,0.74444,,
1355,0.79324,0.71111,,
1356,0.88825,0.72222,,
1357,0.79592,0.74444,,
1358,0.81914,0.68889,,
1359,0.73984,0.74444,,
1360,0.87706,0.66667,,
1361,0.71802,0.74444,,
1362,0.79619,0.7,,
1363,0.69617,0.78889,,
1364,0.6395,0.8,,
1365,0.74162,0.74444,,
1366,0.74242,0.75556,,
1367,0.80248,0.71111,,
1368,0.75405,0.72222,,
1369,0.83619,0.72222,,
1370,0.68524,0.74444,,
1371,0.88975,0.64444,,
1372,0.94797,0.62222,,
1373,0.81528,0.65556,,
1374,0.68839,0.74444,,
1375,0.78539,0.77778,,
1376,0.85911,0.7,,
1377,1.06522,0.56667,,
1378,0.70699,0.75556,,
1379,0.7292,0.77778,,
1380,0.71743,0.73333,,
1381,0.81447,0.73333,,
1382,0.6872,0.8,,
1383,0.77219,0.71111,,
1384,0.87238,0.65556,,
1385,0.75534,0.7,,
1386,0.77748,0.77778,,
1387,0.99397,0.65556,,
1388,0.85073,0.7,,
1389,0.76057,0.74444,,
1390,0.81869,0.67778,,
1391,0.6798,0.77778,,
1392,0.8743,0.63333,,
1393,0.90312,0.63333,,
1394,0.97905,0.66667,,
1395,0.84594,0.67778,,
1396,0.81584,0.73333,,
1397,0.79951,0.68889,,
1398,0.9226,0.66667,,
1399,0.79984,0.74444,,
1400,0.6927,0.8,0.76927,0.77778
1401,0.74249,0.72222,,
1402,0.82327,0.63333,,
1403,0.85502,0.68889,,
1404,0.73172,0.75556,,
1405,0.60673,0.8,,
1406,0.82419,0.72222,,
1407,0.49992,0.86667,,
1408,0.75007,0.75556,,
1409,0.78816,0.72222,,
1410,0.66589,0.75556,,
1411,0.5941,0.8,,
1412,0.87749,0.68889,,
1413,0.80957,0.71111,,
1414,0.79941,0.72222,,
1415,0.9771,0.64444,,
1416,0.796,0.68889,,
1417,0.90458,0.66667,,
1418,0.78356,0.68889,,
1419,0.79008,0.74444,,
1420,0.58918,0.85556,,
1421,0.98575,0.61111,,
1422,0.72077,0.73333,,
1423,0.81373,0.71111,,
1424,0.99251,0.6,,
1425,0.85336,0.67778,,
1426,0.68027,0.75556,,
1427,0.63384,0.77778,,
1428,0.93072,0.66667,,
1429,0.62683,0.78889,,
1430,0.69921,0.76667,,
1431,0.74066,0.71111,,
1432,0.94127,0.7,,
1433,0.71965,0.77778,,
1434,0.693,0.74444,,
1435,0.82485,0.75556,,
1436,0.73082,0.73333,,
1437,0.78866,0.71111,,
1438,0.71043,0.73333,,
1439,0.71916,0.73333,,
1440,0.91446,0.65556,,
1441,0.77265,0.72222,,
1442,0.82794,0.7,,
1443,0.70123,0.75556,,
1444,0.98746,0.64444,,
1445,0.90033,0.67778,,
1446,0.82653,0.7,,
1447,0.83402,0.71111,,
1448,0.88109,0.71111,,
1449,0.93304,0.67778,,
1450,0.94883,0.63333,,
1451,0.92352,0.67778,,
1452,0.7305,0.77778,,
1453,0.8187,0.7,,
1454,0.79003,0.66667,,
1455,0.84439,0.72222,,
1456,0.72532,0.7,,
1457,0.81016,0.7,,
1458,0.7108,0.76667,,
1459,0.74868,0.73333,,
1460,1.00681,0.63333,,
1461,0.68409,0.75556,,
1462,0.94443,0.66667,,
1463,0.8192,0.65556,,
1464,0.81379,0.73333,,
1465,0.78252,0.7,,
1466,0.7343,0.74444,,
1467,0.83027,0.72222,,
1468,0.82645,0.68889,,
1469,0.9173,0.63333,,
1470,0.60674,0.83333,,
1471,0.82566,0.71111,,
1472,0.78205,0.7,,
1473,0.80215,0.65556,,
1474,0.7069,0.76667,,
1475,0.83044,0.7,,
1476,0.7475,0.72222,,
1477,0.7316,0.77778,,
1478,0.66582,0.78889,,
1479,0.67072,0.81111,,
1480,0.77653,0.71111,,
1481,0.67027,0.78889,,
1482,0.77685,0.72222,,
1483,0.95815,0.61111,,
1484,0.71322,0.73333,,
1485,0.98928,0.6,,
1486,0.74731,0.75556,,
1487,0.87383,0.67778,,
1488,0.64711,0.76667,,
1489,0.84913,0.65556,,
1490,0.79373,0.68889,,
1491,0.95742,0.61111,,
1492,0.73343,0.72222,,
1493,0.95805,0.65556,,
1494,0.60429,0.78889,,
1495,0.73741,0.74444,,
1496,0.76355,0.75556,,
1497,0.61718,0.81111,,
1498,0.71976,0.77778,,
1499,0.5895,0.8,,
1500,0.81808,0.71111,0.85796,0.67778
1501,0.65941,0.75,,
